Doctor ID,Password,First Name,Last Name,Gender,Age,Contact Number,Email ID,Qualification,Specialization
1,ONE,Vivek,Bhardwaj,M,32,9243668213,bhardwajvivek@gmail.com,MD,EAR
2,TWO,Vinod,Gupta,M,42,9382674321,vinod24gupta@gmail.com,BDS,LUNGS
3,THREE,Ashish,Arora,M,47,8213264251,arorashish5871@gmail.com,BHMS,EYE
4,FOUR,Poonam,Mishra,F,27,7782934712,punamishra@gmail.com,MD,KIDNEY
5,FIVE,Madhu,Srivastva,F,33,9982675837,srivastvamadhu@gmail.com,MD,HEART
6,SIX,Anoop,Faujdar,M,58,9788855387,anoopfauji@gmail.com,MBBS,LUNGS
7,SEVEN,Ankita,Khandelwal,F,36,9985671358,khandelwalankita@gmail.com,BAMS,GENERAL
8,EIGHT,Abhishek,Agarwal,M,25,8763505789,abhishekagarwal25@gmail.com,Phd,KIDNEY
9,NINE,Piyush,Gupta,M,52,7855671213,piyushgupta562@gmail.com,MBBS,HEART
10,TEN,Priyanka,Jangid,F,68,005628135,prinyanka456jangid@gmail.com,BDS,LUNGS
11,ELELVEN,Deepak,Sharma,M,38,9505745565,dipakshramtalks@gmail.com,MS,GENERAL
12,TWELVE,Prakash,Yadav,M,47,9460812415,yadavprakash79@gmail.com,BAMS,EYE
13,THIRTEEN,Harish,Chauhan,M,54,9855762432,harishchauhanstarts@gmail.com,PhD,EAR
14,FOURTEEN,Seema,Patodi,F,63,9651404283,meseemapatodi@gmail.com,BHMS,BONE
15,FIFTEEN,Mukesh,Saxena,M,69,9887635723,saxenamukesh@gmail.com,BHMS,BONE
16,SIXTEEN,Ashok,Gupta,M,29,9988735721,ashokgupta@gmail.com,BDS,EAR
17,SEVENTEEN,Ashish,Maheshwari,M,35,7082172315,maheswariashish@gmail.com,MBBS,HEART
18,EIGHTEEN,Neelam,rao,F,39,9652385745,raoneelam46@gmail.com,MD,KIDNEY
19,NINETEEN,Priyanka,Sharma,F,24,8857638923,priyanka24sharma@gmail.com,BDS,LUNGS
20,TWENTY,Gaurav,Tripathi,M,40,8112857382,gaurav00tripathi@gmail.com,MBBS,HEART
21,1234,Priyansh,Chaudhari,M,19,9632214578,priyansh@gmail.com,MBBS,EYES