Patient ID,Password,First Name,Last Name,Gender,Age,Blood Group,Contact Number,Email ID
1,one,Ayushi,Sharma,F,18,B-,9797264660,ayushi@gmail.com
2,two,Pratiksha,Jani,F,17,B+,8849760572,pratiksha@gmail.com
3,three,Krupal,Patel,M,20,A+,9898562420,krupal9@gmail.com
4,four,Prakash,Bhukan,M,21,O-,9652134872,bhukan@gmail.com
5,five,Pratham,Rana,M,25,O+,9630021458,pratham89@gmail.com
6,six,Devendra,Chavda,M,50,B+,9696548203,chavda03@gmail.com
7,seven,Gaurav,Makwana,M,6,B-,9956203247,makwana8@gmail.com
8,eight,Manav,Gohel,M,30,O+,9652300478,manav78@gmail.com
9,nine,Dev,Patel,M,45,AB+,6589230014,dev78@gmail.com
10,ten,Neha,Parmar,F,51,A-,9987523056,neha56@gmail.com
11,eleven,Priya,Jani,F,12,O+,7777895265,pj890@gmail.com
12,twelve,Naira,Goenka,F,45,AB-,6589423587,naira@gmail.com
13,thirteen,Kartik,Bhatt,M,37,B+,9985200314,bhatt7890@gmail.com
14,fourteen,Lipy,Limbasiya,F,28,O-,9856222220,lipy90@gmail.com
15,fifteen,Hiral,Gorsia,F,17,A+,8965475582,hiral@gmail.com
16,sixteen,Mehul,Raghavni,M,19,A+,9243456780,fjklk@gmail.com
17,sevnteen,Jenil,Kalariya,M,86,B+,9875652201,jenil@gmail.com
18,eighteen,Rajvi,Jani,F,15,B+,9824184079,rajvi@gmail.com
19,nineteen,Parth,Jani,M,12,B+,9879237089,parth@gmail.com
20,twenty,Mohit,Patel,M,70,A-,9986554523,mohit567@gmail.com
